[
    {
        "requestId": "MYS123456",
        "empName": "Name1",
        "emailId": "email1",
        "title": "title1",
        "brief": "brief1",
        "typeOfRecording": "recordingType1",
        "file": "file1",
        "recordingLocation": "recordingLocation1",
        "requestStatus": "a",
        "stages": {
            "preProduction": {
                "allocatedTo": "allocatedTo1",
                "dateOfAllocation": "2019-12-12",
                "dateOfCompletion": "9/18/2019"
            }
        },
        "comments": ["a", "b"]
    },
    {
        "requestId": "MYS223456",
        "empName": "Name2",
        "emailId": "email2",
        "title": "title2",
        "brief": "brief2",
        "typeOfRecording": "recordingType2",
        "file": "file2",
        "recordingLocation": "recordingLocation2",
        "requestStatus": "b",
        "stages": {
            "preProduction": {
                "allocatedTo": "allocatedTo2",
                "dateOfAllocation": "9/18/2019",
                "dateOfCompletion": "9/19/2019"
            },
            "production": {
                "allocatedTo": "9/19/2019",
                "dateOfAllocation": "9/20/2019"
            }
        },
        "comments": ["c", "d"]
    },
    {
        "requestId": "MYS2234567",
        "empName": "Name2",
        "emailId": "email2",
        "title": "title2",
        "brief": "brief2",
        "typeOfRecording": "recordingType2",
        "file": "file2",
        "recordingLocation": "recordingLocation2",
        "requestStatus": "requestStatus",
        "stages": {
            "preProduction": {
                "allocatedTo": "allocatedTo2",
                "dateOfAllocation": "9/18/2019",
                "dateOfCompletion": "9/19/2019"
            },
            "production": {
                "allocatedTo": "9/19/2019",
                "dateOfAllocation": "9/20/2019"
            }
        },
        "comments": ["c", "d"]
    }
]